{
  "product": "uu_workshop_maing01",
  "version": "0.1.0",
  "license": "License Commercial",
  "description": {
    "en": "",
    "cs": ""
  },
  "devkit": {
    "development": {
      "appBoxLocationUri": "----- VALUE REQUIRED -----",
      "appDeploymentUri": null
    }
  },
  "uu_workshop_maing01-hi": {
    "componentList": [
      {
        "code": "UuWorkshop.Routes.MyPage",
        "name": "MyPage",
        "tagList": [
          "UuWorkshop",
          "Routes",
          "MyPage"
        ],
        "docCode": "UuWorkshopRoutesMyPage",
        "desc": "",
        "icon": "",
        "imageUri": "",
        "uuEccReady": false,
        "template": "<UuWorkshop.Routes.MyPage />"
      },
      {
        "code": "UuWorkshop.Routes.TodoList",
        "name": "TodoList",
        "tagList": [
          "UuWorkshop",
          "Routes",
          "TodoList"
        ],
        "docCode": "UuWorkshopRoutesTodoList",
        "desc": "",
        "icon": "",
        "imageUri": "",
        "uuEccReady": false,
        "template": "<UuWorkshop.Routes.TodoList />"
      },
      {
        "code": "UuWorkshop.Bricks.TodoItem",
        "name": "TodoItem",
        "tagList": [
          "UuWorkshop",
          "Bricks",
          "TodoItem"
        ],
        "docCode": "UuWorkshopBricksTodoItem",
        "desc": "",
        "icon": "",
        "imageUri": "",
        "uuEccReady": false,
        "template": "<UuWorkshop.Bricks.TodoItem />"
      }
    ]
  },
  "uu_workshop_maing01-server": {}
}
